0.011871,-0.9,0.72,-6.84,6.48
0.025035,-0.9,0.72,-4.5,5.76
0.041704,-0.9,0.72,-3.6,5.04
0.054391,-0.9,0.9,-3.6,5.4
0.064294,-0.9,1.08,-3.6,6.48
0.079077,-0.9,1.44,-5.04,10.26
0.095422,-0.9,2.52,-7.56,16.56
0.107523,-1.08,2.88,-9.0,20.34
0.120732,-1.44,3.42,-10.62,25.38
0.137217,-2.16,3.96,-12.42,31.14
0.15226,-2.52,4.5,-13.86,36.36
0.168212,-3.06,5.4,-15.84,43.2
0.182942,-3.6,5.94,-16.56,47.88
0.199232,-4.14,6.84,-17.28,53.1
0.218305,-4.68,7.38,-18.54,60.66
0.234022,-5.04,8.1,-19.98,66.42
0.251577,-5.04,8.64,-21.42,71.28
0.268961,-5.58,9.18,-31.32,95.04
0.285928,-5.76,9.72,-31.5,95.4
0.303285,-6.48,10.62,-33.12,98.46
0.321747,-7.38,11.52,-35.64,102.78
0.339463,-7.56,12.06,-37.8,106.92
0.35157,-8.1,12.78,-40.14,111.78
0.370161,-8.64,13.5,-41.94,115.92
0.38483,-9.0,13.86,-43.2,119.34
0.40105,-9.36,14.4,-44.46,123.48
0.416031,-9.9,15.12,-46.44,128.34
0.427556,-10.08,15.66,-47.7,132.3
0.444571,-10.8,16.56,-49.68,138.96
0.460643,-11.16,17.1,-50.94,143.82
0.474644,-11.7,17.82,-52.38,149.04
0.487766,-12.06,18.54,-53.82,153.54
0.502647,-12.6,19.08,-54.54,158.22
0.520462,-12.96,19.8,-55.08,163.26
0.532872,-13.68,20.88,-56.52,167.58
0.546898,-13.86,21.24,-57.42,170.28
0.565008,-14.4,21.96,-58.68,172.62
0.577495,-14.76,22.5,-60.12,173.34
0.589937,-15.12,23.22,-62.1,173.88
0.604325,-15.84,23.94,-64.08,175.5
0.613875,-16.2,24.84,-66.24,177.3
0.617362,-16.38,25.2,-66.96,178.02
0.630268,-16.92,25.92,-68.94,178.92
0.647203,-17.46,26.64,-70.56,179.1
0.658565,-17.82,27.0,-71.64,179.28
0.672141,-18.18,27.54,-73.44,179.28
0.683364,-18.54,28.26,-74.7,179.28
0.696575,-19.08,28.98,-76.68,179.28
0.713184,-19.8,29.88,-79.02,179.28
0.730078,-20.16,30.6,-80.64,179.28
0.742744,-20.52,31.32,-82.08,179.28
0.753379,-20.88,31.68,-83.34,179.28
0.767233,-21.24,32.4,-84.96,179.28
0.782205,-21.78,33.12,-86.76,179.28
0.796129,-22.32,33.84,-88.38,179.28
0.808611,-22.86,34.56,-89.82,179.28
0.820021,-23.22,35.1,-91.26,179.28
0.833927,-23.76,36.0,-93.06,179.28
0.848215,-24.3,36.72,-94.68,179.28
0.863839,-24.66,37.26,-96.12,179.28
0.875935,-25.2,37.98,-97.56,179.28
0.890201,-25.38,38.52,-98.82,179.28
0.906119,-25.92,39.42,-100.8,179.28
0.920955,-26.46,40.14,-102.6,179.28
0.936393,-26.82,40.86,-104.04,179.28
0.949543,-27.36,41.58,-105.12,179.28
0.964077,-27.9,42.3,-106.92,179.28
0.979305,-28.44,43.2,-108.72,179.28
0.996092,-28.98,43.92,-110.34,179.28
1.012888,-29.34,44.46,-111.78,179.28
1.029944,-29.88,45.18,-113.22,179.28
1.043899,-30.24,45.9,-114.3,179.28
1.06019,-30.6,46.62,-115.74,179.28
1.076475,-30.96,47.16,-117.18,179.28
1.090656,-31.32,47.88,-118.44,179.28
1.104811,-32.04,48.6,-119.7,179.28
1.120595,-32.4,49.32,-121.32,179.28
1.135814,-33.12,50.04,-122.94,179.28
1.151608,-33.3,50.76,-124.02,179.28
1.167473,-33.84,51.48,-125.46,179.28
1.182329,-34.38,52.2,-126.9,179.28
1.199982,-34.92,53.1,-128.34,179.28
1.214481,-35.28,53.64,-129.6,179.28
1.231548,-35.64,54.36,-130.86,179.28
1.250882,-36.72,56.16,-139.68,179.28
1.266478,-36.72,56.16,-140.04,179.28
1.278839,-36.72,56.34,-140.4,179.28
1.293807,-37.26,56.88,-141.66,179.28
1.311756,-38.16,57.96,-143.46,179.28
1.327611,-38.52,58.68,-144.9,179.28
1.342357,-38.88,59.22,-146.16,179.28
1.356008,-39.42,60.12,-147.6,179.28
1.367176,-39.96,60.84,-148.68,179.28
1.383355,-40.32,61.56,-149.76,179.28
1.398711,-40.68,62.28,-150.48,179.28
1.413283,-41.04,63.0,-151.92,179.28
1.428931,-41.58,63.72,-153.54,179.28
1.446781,-42.12,64.44,-154.8,179.28
1.460645,-42.66,65.16,-155.52,179.28
1.477163,-43.2,65.88,-156.96,179.28
1.493194,-43.56,66.78,-158.4,179.28
1.507442,-43.92,67.32,-159.48,179.28
1.521008,-44.46,68.04,-160.38,179.28
1.533413,-44.82,68.58,-161.46,179.28
1.547918,-45.36,69.3,-162.72,179.28
1.561248,-45.72,70.02,-163.98,179.28
1.574952,-46.08,70.74,-164.88,179.28
1.589393,-46.44,71.46,-165.96,179.28
1.604662,-47.16,72.36,-167.4,179.28
1.617303,-47.52,72.9,-168.3,179.28
1.631159,-48.06,73.62,-169.38,179.28
1.644976,-48.42,74.34,-170.64,179.28
1.661162,-49.14,75.24,-171.18,179.28
1.677078,-49.68,75.96,-172.62,179.28
1.693425,-50.04,76.86,-174.06,179.28
1.703928,-50.4,77.4,-174.78,179.28
1.720534,-50.94,78.3,-176.04,179.28
1.732875,-51.12,78.84,-177.12,179.28
1.748881,-51.84,79.56,-178.2,179.28
1.764548,-52.38,80.46,-178.56,179.28
1.779821,-52.92,81.36,-178.56,179.28
1.792791,-53.28,81.9,-178.56,179.28
1.808908,-53.82,82.44,-178.56,179.28
1.822363,-54.18,83.16,-178.56,179.28
1.83343,-54.72,84.06,-178.56,179.28
1.845338,-55.08,84.78,-178.56,179.28
1.862616,-55.62,85.68,-178.56,179.28
1.878246,-56.16,86.76,-178.56,179.28
1.889671,-56.52,87.12,-178.56,179.28
1.903347,-57.06,88.02,-178.56,179.28
1.915604,-57.6,88.74,-178.56,179.28
1.93063,-58.32,89.64,-178.56,179.28
1.944661,-58.68,90.36,-178.56,179.28
1.95934,-59.22,91.26,-178.56,179.28
1.974863,-59.76,91.98,-178.56,179.28
1.986589,-60.12,92.52,-178.56,179.28
1.999684,-60.48,93.42,-178.56,179.28
2.012608,-61.02,94.14,-178.56,179.28
2.019776,-61.2,94.68,-178.56,179.28
2.031455,-61.74,95.4,-178.56,179.28
2.045482,-62.46,96.48,-178.56,179.28
2.056953,-63.18,97.38,-178.56,179.28
2.076005,-63.72,98.28,-178.56,179.28
2.088231,-64.26,99.18,-178.56,179.28
2.102024,-64.62,99.9,-178.56,179.28
2.116673,-65.16,100.8,-178.56,178.74
2.132415,-65.7,101.52,-178.56,178.02
2.140187,-66.06,102.06,-178.56,177.48
2.148798,-66.42,102.6,-178.56,175.86
2.15472,-66.6,103.32,-178.56,174.06
2.17611,-68.4,106.02,-178.56,156.96
2.186163,-68.4,106.02,-178.56,156.96
2.198296,-68.58,106.02,-178.56,156.24
2.209436,-68.76,106.74,-178.56,155.16
2.21993,-69.3,107.46,-178.56,152.82
2.236755,-70.2,108.72,-178.56,150.3
2.252465,-70.74,109.62,-178.56,146.88
2.266534,-71.28,110.16,-178.56,144.9
2.281001,-71.64,111.06,-178.56,142.02
2.292623,-72.0,111.78,-178.56,139.32
2.305798,-72.54,112.5,-178.56,135.54
2.317775,-73.08,113.22,-178.56,132.48
2.328683,-73.62,114.12,-178.56,128.16
2.334003,-73.98,114.66,-178.56,126.0
2.339216,-74.34,115.38,-178.56,122.58
2.347629,-74.88,116.28,-178.56,118.44
2.362559,-75.78,117.72,-178.56,113.4
2.375626,-76.14,118.44,-178.56,109.08
2.390434,-76.68,119.16,-178.56,104.4
2.405453,-77.22,120.06,-178.56,100.26
2.420085,-77.76,120.96,-178.56,96.3
2.434858,-78.48,121.86,-178.56,92.52
2.449598,-78.84,122.58,-178.56,89.46
2.462856,-79.38,123.3,-178.56,86.22
2.478628,-79.92,124.38,-178.56,81.36
2.4932,-80.28,125.1,-178.56,78.3
2.505569,-80.64,125.82,-178.56,74.88
2.518944,-81.18,126.72,-178.56,71.64
2.53578,-81.72,127.44,-178.56,68.04
2.55224,-82.44,128.52,-178.56,64.08
2.564798,-82.8,129.24,-178.56,61.38
2.578352,-83.34,129.96,-178.56,58.32
2.589233,-83.7,130.5,-178.56,55.98
2.600409,-84.24,131.4,-178.56,52.92
2.613401,-84.78,132.3,-178.56,49.32
2.63021,-85.5,133.38,-178.56,45.0
2.64426,-85.86,134.28,-178.56,42.12
2.661313,-86.4,135.0,-178.56,38.88
2.678079,-86.76,135.9,-178.56,35.46
2.690743,-87.3,136.62,-178.56,32.58
2.705336,-87.84,137.34,-178.56,30.24
2.718165,-88.2,138.06,-178.56,27.36
2.734373,-88.74,138.96,-178.56,24.48
2.745495,-89.28,139.68,-178.56,22.32
2.76163,-90.0,140.76,-178.56,18.72
2.780799,-90.36,141.84,-178.56,14.94
2.789164,-90.72,142.38,-178.56,13.14
2.805084,-91.26,143.1,-178.56,11.34
2.820164,-91.62,144.0,-178.56,10.08
2.837518,-92.16,144.9,-178.56,7.38
2.852764,-92.7,145.62,-178.56,4.86
2.8672,-93.24,146.52,-178.56,2.52
2.882945,-93.6,147.24,-178.56,-0.36
2.900747,-94.32,148.14,-178.56,-2.16
2.916384,-94.68,148.86,-178.56,-5.04
2.928538,-95.04,149.58,-178.56,-7.02
2.940042,-95.4,150.3,-178.56,-8.82
2.944354,-95.76,151.02,-178.56,-10.26
2.953609,-95.94,151.74,-178.56,-12.06
2.968323,-96.48,153.0,-178.56,-14.76
2.982999,-96.84,153.9,-178.56,-16.74
2.997876,-97.38,154.98,-178.56,-18.9
3.016088,-97.92,156.06,-178.56,-21.06
3.029221,-98.28,156.96,-178.56,-22.5
3.039717,-98.46,157.68,-178.56,-23.94
3.050222,-98.82,158.58,-178.56,-25.56
3.062438,-99.0,159.66,-178.56,-27.72
3.078919,-99.54,160.92,-178.56,-30.24
3.089494,-99.72,161.82,-178.56,-32.04
3.096197,-99.9,162.54,-178.56,-33.3
3.113276,-100.44,163.98,-178.56,-35.82
3.129887,-100.62,165.06,-178.56,-37.44
3.144242,-100.8,165.96,-178.56,-39.24
3.156978,-100.8,166.86,-178.56,-40.86
3.172382,-100.8,167.94,-178.56,-42.66
3.18788,-100.8,169.02,-178.56,-44.64
3.205766,-101.52,170.46,-178.56,-46.98
3.220984,-101.88,171.36,-178.56,-48.6
3.235584,-101.88,172.44,-178.56,-50.04
3.24668,-102.24,173.34,-178.56,-51.66
3.261156,-102.42,174.6,-178.56,-53.46
3.2752,-102.78,175.68,-178.56,-55.26
3.293008,-102.78,176.76,-178.56,-57.24
3.30825,-102.78,177.84,-178.56,-58.86
3.321778,-102.78,178.56,-178.56,-60.3
3.339145,-102.96,179.1,-178.56,-62.1
3.354646,-103.32,179.1,-178.56,-63.9
3.368642,-103.32,179.1,-178.56,-65.16
3.383504,-103.5,179.1,-178.56,-66.78
3.39468,-103.68,179.1,-178.56,-68.4
3.405112,-103.68,179.1,-178.56,-69.66
3.419678,-103.68,179.1,-178.56,-72.0
3.434174,-103.68,179.1,-178.56,-73.8
3.445614,-103.68,179.1,-178.56,-74.88
3.459024,-103.68,179.1,-178.56,-76.32
3.472118,-103.68,179.1,-178.56,-78.12
3.481412,-103.68,179.1,-178.56,-79.38
3.496026,-103.68,179.1,-178.56,-81.36
3.509335,-103.68,179.1,-178.56,-82.98
3.524625,-103.68,179.1,-178.56,-84.6
3.537515,-103.68,179.1,-178.56,-85.68
3.551632,-103.68,179.1,-178.56,-87.48
3.562918,-103.68,179.1,-178.56,-88.74
3.573339,-103.68,179.1,-178.56,-90.0
3.583961,-103.68,179.1,-178.56,-91.26
3.597218,-103.68,179.1,-178.56,-92.7
3.60789,-103.68,179.1,-178.56,-94.14
3.619402,-103.68,179.1,-178.56,-95.94
3.634611,-103.68,179.1,-178.56,-97.92
3.64933,-103.68,179.1,-178.56,-99.54
3.659695,-103.68,179.1,-178.56,-100.62
3.672898,-103.68,179.1,-178.56,-102.06
3.683563,-103.68,179.1,-178.56,-103.32
3.694219,-103.68,179.1,-178.56,-104.4
3.706689,-103.68,179.1,-178.56,-105.84
3.719515,-103.68,179.1,-178.56,-106.92
3.731886,-103.68,179.1,-178.56,-108.36
3.743275,-103.68,179.1,-178.56,-109.62
3.758083,-103.68,179.1,-178.56,-111.06
3.769968,-103.68,179.1,-178.56,-112.14
3.783373,-103.68,179.1,-178.56,-113.58
3.796034,-103.68,179.1,-178.56,-115.02
3.801355,-103.68,179.1,-178.56,-115.38
3.806443,-103.68,179.1,-178.56,-116.28
3.811127,-103.68,179.1,-178.56,-117.0
3.816002,-103.68,179.1,-178.56,-117.72
3.820975,-103.5,179.1,-178.56,-118.8
3.82575,-103.32,179.1,-178.56,-119.16
3.830613,-102.96,179.1,-178.56,-120.06
3.834028,-102.96,179.1,-178.56,-120.96
3.838831,-102.78,179.1,-178.56,-122.04
3.842536,-102.6,179.1,-178.56,-123.12
3.846784,-102.24,179.1,-178.56,-124.2
3.8526,-101.88,179.1,-178.56,-124.74
3.866821,-101.52,179.1,-178.56,-126.18
3.877303,-101.16,179.1,-178.56,-127.44
3.886878,-100.98,179.1,-178.56,-129.06
3.890975,-100.8,179.1,-178.56,-129.78
3.9022,-100.44,179.1,-178.56,-131.04
3.912576,-100.08,179.1,-178.56,-132.12
3.9251,-99.72,179.1,-178.56,-133.02
3.934269,-99.36,179.1,-178.56,-133.74
3.944803,-99.0,179.1,-178.56,-134.46
3.960763,-98.64,179.1,-178.56,-135.36
3.966268,-98.46,179.1,-178.56,-135.72
3.976974,-97.92,179.1,-178.56,-136.44
3.988835,-97.56,179.1,-178.56,-137.16
3.998279,-97.2,179.1,-178.56,-137.7
4.00205,-97.02,179.1,-178.56,-137.88
4.006955,-96.84,179.1,-178.56,-138.42
4.012381,-96.66,179.1,-178.56,-138.78
4.023406,-96.12,179.1,-178.56,-139.68
4.031862,-95.76,179.1,-178.56,-140.04
4.035659,-95.4,179.1,-178.56,-140.4
4.042629,-95.04,179.1,-178.56,-140.76
4.055499,-94.32,179.1,-178.56,-141.3
4.06794,-93.78,179.1,-178.56,-141.84
4.073492,-93.42,179.1,-178.56,-142.02
4.084967,-92.88,179.1,-178.56,-142.38
4.101412,-92.16,179.1,-178.56,-142.92
4.115032,-91.62,179.1,-178.56,-143.64
4.128487,-90.9,179.1,-178.56,-144.72
4.140662,-90.36,179.1,-178.56,-145.62
4.148275,-89.82,179.1,-178.56,-146.16
4.160611,-89.1,179.1,-178.56,-147.6
4.174759,-87.84,179.1,-178.56,-147.96
4.183063,-87.48,179.1,-178.56,-148.32
4.199431,-86.58,179.1,-178.56,-148.32
4.215432,-85.68,179.1,-178.56,-148.32
4.226227,-85.32,179.1,-178.56,-148.32
4.235792,-84.6,179.1,-178.56,-148.32
4.248755,-83.7,179.1,-178.56,-148.32
4.260548,-82.8,179.1,-178.56,-148.32
4.271887,-81.72,179.1,-178.56,-148.32
4.283819,-80.82,179.1,-178.56,-148.14
4.296649,-79.92,179.1,-178.56,-148.14
4.307986,-78.84,179.1,-178.56,-148.14
4.321604,-77.94,179.1,-178.56,-148.14
4.333839,-76.86,179.1,-178.56,-148.14
4.347464,-75.78,179.1,-178.56,-147.6
4.360525,-74.7,179.1,-178.56,-147.06
4.371971,-73.62,179.1,-178.56,-146.52
4.386584,-72.36,179.1,-178.56,-145.98
4.401384,-71.28,179.1,-178.56,-145.44
4.414592,-70.38,179.1,-178.56,-144.9
4.42983,-68.76,179.1,-178.56,-144.36
4.444056,-67.68,179.1,-178.56,-144.0
4.454289,-66.78,179.1,-178.56,-143.46
4.467798,-65.7,179.1,-178.56,-142.74
4.481606,-64.62,179.1,-178.56,-142.02
4.496892,-63.36,179.1,-178.56,-141.3
4.511124,-61.92,179.1,-178.56,-140.58
4.529937,-57.78,179.1,-178.56,-139.14
4.543678,-57.6,179.1,-178.56,-138.96
4.558695,-56.52,179.1,-178.56,-138.24
4.568936,-55.44,179.1,-178.56,-137.88
4.576718,-54.72,179.1,-178.56,-137.16
4.58802,-53.46,179.1,-178.56,-136.44
4.599941,-52.2,179.1,-178.56,-135.54
4.613784,-51.12,179.1,-178.56,-134.46
4.628828,-50.58,179.1,-178.56,-133.2
4.644359,-50.04,179.1,-178.56,-132.3
4.658214,-49.14,179.1,-178.56,-131.4
4.673649,-48.06,179.1,-178.56,-130.32
4.687407,-46.8,179.1,-178.56,-129.42
4.702709,-45.36,179.1,-178.56,-128.34
4.712245,-44.1,179.1,-178.56,-127.62
4.725833,-42.48,179.1,-178.56,-126.36
4.734275,-41.04,179.1,-178.56,-125.64
4.741118,-39.78,179.1,-178.56,-124.74
4.755436,-37.62,179.1,-178.56,-123.3
4.769987,-35.46,179.1,-178.56,-122.22
4.783881,-33.84,179.1,-178.56,-120.78
4.796124,-32.22,179.1,-178.56,-119.7
4.80679,-30.96,179.1,-178.56,-118.62
4.816414,-28.8,179.1,-178.56,-117.54
4.823116,-27.54,179.1,-178.56,-116.64
4.836258,-25.2,179.1,-178.56,-115.2
4.851329,-22.68,179.1,-178.56,-113.58
4.866006,-20.88,179.1,-178.56,-112.5
4.878663,-19.08,179.1,-178.56,-111.24
4.893355,-17.28,179.1,-178.56,-109.8
4.907468,-15.48,179.1,-178.56,-108.54
4.923007,-13.32,179.1,-178.56,-107.1
4.940742,-11.34,179.1,-178.56,-105.84
4.954516,-9.72,179.1,-178.56,-104.4
4.96754,-7.92,179.1,-178.56,-103.32
4.982936,-6.12,179.1,-178.56,-102.6
4.99815,-3.96,179.1,-178.56,-101.88
5.012399,-1.8,179.1,-178.56,-101.16
5.023424,-0.54,179.1,-178.56,-100.44
5.028899,0.36,179.1,-178.56,-99.72
5.035879,1.8,179.1,-178.56,-98.82
5.041901,3.42,179.1,-178.56,-97.38
5.0552,5.22,179.1,-178.56,-95.04
5.068513,7.74,179.1,-178.56,-92.88
5.082834,8.82,179.1,-178.56,-91.08
5.094128,10.62,179.1,-178.56,-89.64
5.105431,12.06,179.1,-178.56,-88.2
5.116174,13.5,179.1,-178.56,-86.4
5.1313,16.02,179.1,-178.56,-84.06
5.145884,18.0,179.1,-178.56,-81.9
5.157374,19.44,179.1,-178.56,-79.92
5.168981,21.6,179.1,-178.56,-78.48
5.176106,22.86,179.1,-178.56,-76.68
5.190068,25.74,179.1,-178.56,-75.42
5.204852,27.9,179.1,-178.56,-73.62
5.220903,30.6,179.1,-178.56,-71.28
5.238424,33.3,179.1,-178.56,-69.3
5.253023,35.46,179.1,-178.56,-66.42
5.267232,37.62,179.1,-178.56,-64.08
5.281109,39.78,179.1,-178.56,-62.28
5.291706,41.94,179.1,-178.56,-61.02
5.302222,44.64,179.1,-178.56,-60.12
5.317842,49.32,179.1,-178.56,-59.76
5.330356,54.0,179.1,-178.56,-59.4
5.344503,60.84,179.1,-178.56,-57.96
5.355014,64.62,179.1,-178.56,-57.24
5.370827,70.56,179.1,-178.56,-56.52
5.38499,75.96,178.92,-178.56,-56.34
5.398877,82.62,178.2,-178.56,-56.34
5.416058,91.8,176.22,-178.56,-56.52
5.431399,99.54,174.42,-178.56,-56.52
5.450427,107.82,172.62,-178.56,-56.52
5.465702,114.84,171.36,-178.56,-56.7
5.479265,121.14,169.38,-178.56,-57.42
5.49122,127.98,167.4,-178.56,-57.96
5.510977,135.36,165.24,-178.56,-58.32
5.530074,141.66,163.08,-178.56,-58.86
5.545702,147.24,160.92,-178.56,-59.22
5.562652,152.64,158.76,-178.56,-59.58
5.579287,158.04,156.78,-178.56,-60.12
5.593744,162.72,154.98,-178.56,-60.3
5.612229,167.4,152.82,-178.56,-61.02
5.621964,169.38,151.56,-178.56,-61.2
5.63074,171.0,150.84,-178.56,-61.56
5.644839,172.44,150.3,-178.56,-62.1
5.65934,173.16,149.4,-178.56,-62.82
5.673617,173.88,148.5,-178.56,-63.18
5.687436,174.96,147.24,-178.2,-63.54
5.70272,176.58,145.62,-178.2,-64.08
5.71846,178.02,144.0,-178.2,-64.44
5.732713,179.1,133.56,-176.22,-65.16
5.735571,179.1,133.56,-176.04,-65.16
5.738484,179.1,133.56,-176.04,-65.16
5.742157,179.1,132.84,-175.68,-65.52
5.751102,179.1,131.58,-174.96,-66.24
5.767841,179.1,130.86,-173.7,-66.96
5.783064,179.1,130.32,-172.98,-67.68
5.799001,179.1,129.42,-172.26,-68.04
5.812123,179.1,128.16,-171.72,-68.4
5.830265,179.1,126.0,-170.64,-69.12
5.845748,179.1,124.38,-170.1,-69.48
5.861748,179.1,122.94,-169.38,-69.84
5.878342,179.1,121.14,-168.66,-70.38
5.894139,179.1,119.34,-168.12,-70.74
5.908623,179.1,118.08,-167.76,-71.1
5.925381,179.1,116.46,-167.04,-71.64
5.93902,179.1,114.84,-166.14,-72.0
5.950736,179.1,113.22,-165.42,-72.54
5.964786,179.1,111.42,-164.88,-73.08
5.979962,179.1,109.98,-163.98,-73.44
5.996608,179.1,108.0,-163.26,-73.98
6.012032,179.1,106.38,-162.72,-74.52
6.027526,179.1,104.58,-161.82,-75.06
6.041143,179.1,102.96,-160.92,-75.24
6.050726,179.1,101.7,-160.56,-75.78
6.065611,179.1,100.26,-160.02,-75.96
6.077732,179.1,98.82,-159.3,-76.5
6.091071,179.1,97.2,-158.58,-77.04
6.104979,179.1,95.4,-157.86,-77.76
6.117794,179.1,93.78,-157.14,-78.12
6.132301,179.1,92.16,-156.24,-78.66
6.148065,179.1,90.9,-155.52,-79.02
6.164488,179.1,89.46,-154.98,-79.38
6.175915,179.1,88.02,-154.44,-79.92
6.192072,179.1,86.4,-153.54,-80.28
6.205393,179.1,84.96,-153.0,-80.82
6.219227,179.1,83.52,-152.28,-81.18
6.232919,179.1,82.26,-151.56,-81.72
6.247908,179.1,80.46,-150.66,-82.26
6.260529,179.1,79.38,-150.12,-82.62
6.271607,179.1,78.3,-149.58,-82.98
6.286323,179.1,76.32,-148.68,-83.52
6.298213,179.1,74.88,-148.14,-83.88
6.311196,179.1,73.8,-147.6,-84.42
6.326297,179.1,72.36,-146.7,-84.78
6.338171,179.1,70.92,-145.98,-85.32
6.348435,179.1,69.66,-145.26,-85.68
6.354938,179.1,68.58,-144.72,-86.04
6.365823,179.1,67.32,-144.0,-86.4
6.378488,179.1,65.7,-143.28,-87.12
6.393776,179.1,64.08,-142.56,-87.66
6.410185,179.1,62.46,-141.48,-88.2
6.424283,179.1,61.2,-140.76,-88.56
6.43903,179.1,59.94,-140.04,-89.1
6.452888,179.1,58.86,-139.32,-89.46
6.46751,179.1,57.42,-138.6,-90.0
6.481949,179.1,56.16,-138.06,-90.36
6.492744,179.1,55.26,-137.7,-90.72
6.505327,179.1,54.0,-136.98,-91.08
6.519925,179.1,52.38,-136.08,-91.8
6.536938,179.1,51.12,-135.18,-92.34
6.548698,179.1,50.04,-134.64,-92.7
6.554632,179.1,49.5,-134.28,-93.06
6.561789,179.1,48.6,-133.74,-93.24
6.576363,179.1,46.62,-132.66,-93.96
6.590242,179.1,45.36,-132.12,-94.5
6.605166,179.1,43.92,-131.04,-95.04
6.617199,179.1,42.84,-130.14,-95.4
6.626293,179.1,41.58,-129.42,-95.94
6.639453,179.1,40.5,-128.88,-96.12
6.652354,179.1,39.42,-128.16,-96.66
6.669114,179.1,31.68,-126.36,-97.92
6.683229,179.1,31.32,-126.36,-97.92
6.694278,179.1,30.6,-126.36,-97.92
6.708598,179.1,29.34,-126.18,-98.46
6.724447,179.1,27.9,-124.92,-99.36
6.740702,179.1,26.64,-123.66,-99.72
6.756342,179.1,25.56,-122.94,-100.08
6.772837,179.1,24.48,-122.22,-100.62
6.790656,179.1,23.4,-121.32,-101.16
6.803862,179.1,22.5,-120.6,-101.52
6.815465,179.1,21.6,-119.88,-101.88
6.830127,179.1,20.52,-119.16,-102.42
6.844009,179.1,19.44,-118.26,-102.96
6.860356,179.1,18.36,-117.72,-103.5
6.876388,179.1,17.1,-117.0,-104.04
6.893233,179.1,15.84,-116.1,-104.4
6.910174,179.1,14.94,-115.2,-104.76
6.923034,179.1,14.04,-114.66,-105.12
6.93287,179.1,13.68,-114.12,-105.66
6.949853,179.1,12.06,-113.04,-106.2
6.960895,179.1,11.16,-112.5,-106.74
6.977339,179.1,9.72,-111.6,-107.46
6.988867,179.1,9.0,-111.06,-107.64
7.000025,179.1,8.1,-110.16,-108.18
7.01374,179.1,7.2,-109.26,-108.72
7.027363,179.1,5.94,-108.36,-109.26
7.042515,179.1,5.04,-107.64,-109.62
7.060674,179.1,3.96,-106.92,-110.34
7.074949,179.1,3.24,-106.38,-110.7
7.089635,179.1,2.52,-105.48,-111.24
7.105845,179.1,1.8,-104.58,-111.6
7.117485,179.1,1.08,-103.86,-112.14
7.134474,179.1,-0.36,-102.96,-112.86
7.144938,179.1,-0.9,-102.6,-113.22
7.156662,179.1,-1.8,-101.88,-113.58
7.174055,179.1,-2.88,-100.8,-114.3
7.190472,179.1,-3.96,-99.9,-114.84
7.204799,179.1,-4.68,-99.0,-115.2
7.215022,179.1,-4.68,-98.46,-115.38
7.228047,179.1,-5.94,-97.74,-115.92
7.240933,179.1,-6.84,-97.02,-116.28
7.251297,179.1,-7.56,-96.3,-117.0
7.267078,179.1,-8.82,-95.22,-117.72
7.283038,179.1,-9.72,-94.14,-118.26
7.29665,179.1,-10.44,-93.6,-118.62
7.309667,179.1,-10.98,-92.88,-119.16
7.322632,179.1,-11.7,-92.34,-119.52
7.338222,179.1,-12.42,-91.26,-120.06
7.352531,179.1,-12.96,-90.18,-120.6
7.368906,179.1,-13.86,-89.28,-121.14
7.383109,179.1,-14.58,-88.56,-121.68
7.389603,179.1,-15.12,-88.02,-122.04
7.401464,179.1,-15.66,-87.48,-122.4
7.415388,179.1,-16.2,-86.58,-123.12
7.422836,179.1,-16.56,-86.04,-123.48
7.437316,178.56,-17.64,-84.78,-124.2
7.4499,176.94,-18.36,-83.7,-124.74
7.463066,175.86,-19.08,-82.8,-125.28
7.478545,174.06,-19.8,-82.26,-125.64
7.487374,172.62,-20.16,-81.9,-126.0
7.502067,169.56,-20.88,-80.64,-126.72
7.520351,166.14,-21.78,-79.38,-127.44
7.533083,163.8,-22.14,-78.84,-127.98
7.549658,160.2,-22.5,-77.94,-128.34
7.564681,156.96,-23.22,-77.4,-128.88
7.579499,137.16,-23.76,-75.42,-129.6
7.592327,137.16,-23.94,-75.42,-129.6
7.607408,136.08,-24.48,-74.88,-130.14
7.622484,135.36,-25.02,-73.98,-130.68
7.629794,134.28,-25.38,-73.26,-131.04
7.637207,132.84,-25.56,-72.9,-131.4
7.645394,131.04,-26.1,-72.18,-131.94
7.659576,127.26,-26.82,-70.74,-133.02
7.674945,124.38,-27.18,-69.84,-133.38
7.685784,121.68,-27.36,-68.94,-133.92
7.70206,118.08,-27.9,-68.04,-134.46
7.715616,115.2,-28.08,-67.5,-134.82
7.731122,112.32,-28.26,-66.78,-135.36
7.746551,109.08,-28.8,-65.88,-135.72
7.760627,105.84,-28.98,-64.98,-136.26
7.769326,103.68,-29.16,-64.44,-136.62
7.780722,100.26,-29.52,-63.54,-137.16
7.798979,95.94,-29.7,-62.46,-137.88
7.815789,92.7,-29.7,-61.38,-138.6
7.82672,90.0,-29.88,-60.84,-138.96
7.83739,87.66,-30.06,-59.94,-139.32
7.853966,84.42,-30.42,-59.04,-139.86
7.86765,81.0,-30.6,-58.14,-140.4
7.881684,78.3,-30.78,-57.6,-140.76
7.894636,75.78,-30.78,-57.06,-141.3
7.913246,72.0,-30.78,-55.98,-141.84
7.92474,70.2,-30.78,-55.08,-142.2
7.940442,67.5,-30.78,-54.18,-142.92
7.957648,64.8,-30.78,-53.28,-143.46
7.973872,61.74,-30.78,-52.74,-143.82
7.991315,59.76,-30.78,-52.02,-144.36
8.001558,58.32,-30.78,-51.3,-144.54
8.006915,56.88,-30.78,-50.94,-144.9
8.016631,55.08,-30.78,-50.04,-145.44
8.024324,53.1,-30.78,-49.32,-145.8
8.031528,51.84,-30.78,-48.24,-146.34
8.047786,49.14,-30.78,-47.16,-147.06
8.060693,46.8,-30.78,-46.26,-147.6
8.076833,44.1,-30.78,-45.18,-148.14
8.090724,42.3,-30.78,-44.46,-148.5
8.106559,39.42,-30.78,-43.56,-148.86
8.115349,38.16,-30.78,-43.02,-149.04
8.123542,35.82,-30.78,-42.3,-149.4
8.135845,33.66,-30.78,-41.4,-149.94
8.144142,31.5,-30.6,-40.32,-150.12
8.1592,29.52,-30.6,-39.06,-150.66
8.170286,27.54,-30.6,-37.98,-150.84
8.177594,25.92,-30.6,-37.44,-151.2
8.190722,23.94,-30.6,-36.54,-151.56
8.206114,21.6,-30.06,-35.1,-151.92
8.222091,19.44,-29.52,-34.02,-152.28
8.229919,18.54,-29.34,-33.48,-152.46
8.242734,16.2,-28.98,-32.22,-152.82
8.258618,14.04,-28.8,-30.96,-153.36
8.275065,11.88,-28.44,-29.52,-153.54
8.292484,10.08,-28.08,-28.44,-153.72
8.306889,8.64,-28.08,-27.54,-153.72
8.317126,7.56,-27.72,-27.0,-153.9
8.329049,5.94,-27.18,-26.1,-153.9
8.344397,3.78,-26.82,-24.66,-154.44
8.360071,1.44,-26.28,-23.22,-154.8
8.373575,0.0,-26.1,-22.5,-154.8
8.3856,-1.44,-25.74,-21.42,-154.8
8.401767,-3.6,-25.38,-20.16,-154.98
8.41435,-5.4,-24.84,-18.9,-155.34
8.430613,-7.2,-24.3,-17.64,-155.52
8.445206,-9.36,-23.94,-16.38,-155.88
8.461087,-10.8,-23.94,-15.48,-155.88
8.475393,-12.24,-23.76,-14.58,-155.88
8.491232,-14.22,-23.04,-13.14,-155.88
8.506601,-15.66,-22.5,-12.24,-155.88
8.519664,-17.28,-21.96,-11.16,-155.88
8.535313,-19.08,-21.6,-9.9,-155.88
8.550521,-20.88,-21.24,-8.82,-155.88
8.559297,-21.96,-20.88,-7.92,-156.24
8.574573,-23.94,-20.34,-6.3,-156.42
8.585401,-25.2,-19.98,-5.58,-156.42
8.594612,-26.46,-19.8,-4.86,-156.42
8.601752,-27.72,-19.44,-4.14,-156.42
8.608712,-28.8,-18.9,-3.24,-156.42
8.619014,-31.5,-18.36,-1.8,-156.42
8.635744,-33.84,-17.82,-0.18,-156.42
8.644898,-35.1,-17.46,1.08,-156.42
8.663002,-37.08,-16.74,2.7,-156.42
8.667205,-37.62,-16.74,3.24,-156.42
8.673762,-38.7,-16.38,3.96,-156.42
8.687268,-40.32,-15.84,5.4,-156.42
8.69578,-41.76,-15.3,6.12,-156.42
8.708485,-43.56,-14.76,7.2,-156.42
8.722367,-45.18,-14.4,8.46,-156.42
8.728091,-46.08,-14.04,9.18,-156.42
8.733764,-47.16,-13.86,9.9,-156.42
8.738027,-48.24,-13.5,10.98,-156.42
8.757503,-50.94,-12.6,12.78,-156.42
8.774174,-52.56,-12.06,14.22,-156.42
8.786943,-53.82,-11.7,15.48,-156.42
8.797589,-55.08,-11.34,16.56,-156.42
8.808351,-55.98,-11.16,17.64,-156.42
8.81806,-57.24,-10.62,18.9,-156.24
8.831814,-58.68,-10.08,19.98,-156.24
8.848162,-60.3,-9.54,21.6,-156.24
8.862415,-61.56,-9.18,23.22,-156.24
8.873055,-62.28,-8.82,23.94,-156.24
8.887742,-63.72,-8.64,25.02,-156.24
8.901298,-64.8,-8.28,26.64,-156.24
8.914486,-66.06,-7.74,27.9,-156.24
8.927188,-67.14,-7.2,29.16,-156.06
8.937379,-68.04,-6.84,30.24,-155.7
8.946502,-68.94,-6.66,31.14,-155.52
8.952939,-69.66,-6.3,32.04,-155.34
8.963598,-70.92,-6.12,33.12,-155.16
8.980127,-72.36,-5.76,34.74,-155.16
8.990062,-73.08,-5.4,35.64,-154.98
9.002407,-74.16,-5.04,36.9,-154.62
9.020368,-82.08,-4.32,40.86,-153.72
9.03449,-82.08,-4.32,40.86,-153.72
9.048176,-82.44,-4.32,40.86,-153.72
9.061589,-83.34,-3.78,41.04,-153.36
9.07884,-84.24,-3.78,42.48,-153.0
9.08608,-84.78,-3.6,43.02,-153.0
9.092302,-85.32,-3.24,43.74,-152.82
9.108096,-85.68,-2.7,45.36,-152.1
9.124539,-86.4,-2.52,46.44,-151.92
9.139011,-87.66,-2.34,47.7,-151.56
9.154093,-88.56,-2.34,48.6,-151.2
9.168764,-89.28,-1.8,49.68,-150.66
9.178497,-89.82,-1.8,50.58,-150.48
9.18472,-90.18,-1.8,51.12,-150.3
9.192058,-90.54,-1.8,51.84,-150.12
9.198685,-91.08,-1.62,52.56,-149.94
9.206153,-91.8,-1.26,53.64,-149.4
9.219437,-92.34,-1.26,54.72,-149.04
9.231794,-92.7,-1.08,55.8,-148.5
9.245538,-93.24,-0.9,56.88,-148.14
9.262725,-93.6,-0.9,57.78,-147.96
9.276861,-93.96,-0.9,58.68,-147.42
9.281142,-94.14,-0.9,58.86,-147.24
9.292657,-94.32,-0.9,59.58,-146.7
9.305547,-94.68,-0.9,60.3,-146.16
9.322391,-95.22,-0.9,62.1,-145.08
9.334719,-95.22,-0.9,62.1,-145.08
9.345948,-95.22,-0.9,62.46,-144.9
9.362177,-95.22,-0.9,63.0,-144.18
9.375719,-95.22,-0.72,63.54,-143.28
9.389688,-95.22,-0.36,63.9,-142.74
9.401686,-95.22,-0.18,64.26,-142.2
9.412121,-95.22,0.18,64.62,-141.66
9.424008,-95.22,0.18,65.16,-140.94
9.436645,-95.22,0.18,65.7,-140.04
9.448909,-95.22,0.18,66.06,-139.32
9.455541,-95.22,0.18,66.06,-138.78
9.45998,-95.22,0.18,66.24,-138.24
9.467522,-95.22,0.18,66.42,-137.52
9.479085,-95.22,0.18,66.6,-136.44
9.486216,-95.22,0.18,66.78,-135.72
9.497922,-95.22,0.18,66.96,-134.46
9.512991,-95.22,0.54,66.96,-133.38
9.519573,-95.22,0.72,66.96,-132.84
9.52684,-95.22,0.72,66.96,-131.94
9.533397,-95.22,0.72,66.96,-131.22
9.549067,-95.04,0.9,66.96,-129.6
9.567515,-95.04,1.08,66.96,-127.98
9.579387,-94.68,1.08,66.96,-127.26
9.585418,-94.32,1.08,66.96,-126.54
9.594728,-93.96,1.08,66.96,-125.46
9.608851,-93.06,1.08,66.96,-124.02
9.624069,-92.34,1.08,66.96,-122.4
9.637198,-91.8,1.08,66.96,-121.32
9.644998,-91.44,1.08,66.96,-120.42
9.651513,-91.08,1.08,66.96,-119.7
9.658965,-90.54,1.08,66.96,-118.62
9.664987,-90.0,1.08,66.78,-118.08
9.680787,-89.1,1.08,66.78,-116.64
9.695209,-88.02,1.08,66.42,-114.84
9.712218,-86.94,1.26,65.16,-112.86
9.724883,-86.4,1.26,64.62,-111.6
9.740663,-85.68,1.62,63.9,-109.98
9.755614,-84.96,1.62,63.54,-108.54
9.771443,-83.88,1.62,63.0,-106.92
9.781667,-83.34,1.62,62.64,-105.84
9.789202,-82.44,1.62,62.1,-104.58
9.796953,-81.72,1.62,61.38,-103.68
9.805218,-80.46,1.62,60.3,-102.24
9.821647,-79.2,1.62,59.22,-100.08
9.835254,-78.3,1.62,58.5,-98.64
9.846133,-77.4,1.62,58.14,-97.2
9.861337,-76.14,1.62,57.42,-95.4
9.872145,-75.42,1.62,56.7,-94.14
9.884783,-74.16,1.62,55.62,-92.52
9.892994,-73.26,1.62,54.9,-91.44
9.903392,-72.0,1.62,53.82,-90.36
9.918548,-70.74,1.62,52.92,-89.64
9.92766,-69.66,1.62,52.38,-89.1
9.941966,-68.76,1.62,51.66,-87.84
9.957126,-67.32,1.62,50.58,-86.4
9.973682,-65.88,1.62,49.86,-84.42
9.990549,-64.62,1.62,48.42,-82.44
10.005414,-63.54,1.62,47.52,-81.0
10.017182,-62.64,1.62,46.8,-79.74
10.028556,-61.56,1.62,46.26,-78.12
10.044505,-60.12,1.62,45.18,-75.96
10.059511,-58.68,1.62,43.92,-73.98
10.076487,-57.06,1.62,42.3,-71.64
10.092175,-55.44,1.62,41.22,-69.84
10.103636,-54.36,1.62,40.14,-68.22
10.116581,-53.28,1.62,39.06,-66.42
10.13192,-51.66,1.62,37.98,-64.44
10.139089,-50.94,1.62,37.26,-63.36
10.148491,-49.86,1.62,36.36,-61.56
10.156529,-48.78,1.62,35.1,-59.76
10.17095,-42.12,1.62,32.04,-48.96
10.181548,-42.12,1.62,32.04,-48.78
10.19039,-41.4,1.62,31.5,-47.7
10.202593,-38.88,1.62,29.34,-45.36
10.216904,-37.44,1.62,28.44,-43.56
10.237081,-34.92,1.62,26.1,-41.22
10.253404,-33.3,1.62,24.48,-38.7
10.271522,-31.68,1.62,23.4,-37.08
10.285595,-30.6,1.62,22.5,-35.28
10.305063,-28.8,1.62,21.78,-33.48
10.32082,-26.28,1.62,19.62,-31.32
10.336819,-24.66,1.62,18.18,-29.16
10.35562,-22.86,1.62,17.46,-27.0
10.373886,-20.7,1.62,15.48,-24.84
10.393123,-18.72,1.62,13.86,-22.32
10.410018,-17.28,1.62,12.78,-20.34
10.428107,-15.3,1.62,12.24,-18.54
10.44541,-12.6,1.62,9.9,-15.84
10.460618,-11.34,1.62,8.64,-13.86
10.476193,-9.36,1.44,7.38,-11.88
10.494908,-7.2,1.44,6.66,-9.72
10.50581,-5.76,1.44,5.58,-8.28
10.509866,-3.96,1.08,4.86,-6.84
